experiment,method,n,state_dim,N,seed,error,T,rho_q,rho_v,controller,metric_name,metric_implementation
robotarm_dim_scaling,adversarial_nadv1,2,4,1,597532,0.327959337827,1.0,0.1,0.1,"adaptive_inverse_dynamics_tracking(kp=0.01,kd=0.005,lambda=0.02,gamma=0,sigma=0.05,tau_limit=100)",Hausdorff Distance,directed_hausdorff_to_convex_hull
robotarm_dim_scaling,adversarial_nadv1,2,4,3,597534,0.25059858912,1.0,0.1,0.1,"adaptive_inverse_dynamics_tracking(kp=0.01,kd=0.005,lambda=0.02,gamma=0,sigma=0.05,tau_limit=100)",Hausdorff Distance,directed_hausdorff_to_convex_hull
robotarm_dim_scaling,adversarial_nadv1,2,4,10,597541,0.175414075964,1.0,0.1,0.1,"adaptive_inverse_dynamics_tracking(kp=0.01,kd=0.005,lambda=0.02,gamma=0,sigma=0.05,tau_limit=100)",Hausdorff Distance,directed_hausdorff_to_convex_hull
robotarm_dim_scaling,adversarial_nadv1,2,4,30,597561,0.148473222914,1.0,0.1,0.1,"adaptive_inverse_dynamics_tracking(kp=0.01,kd=0.005,lambda=0.02,gamma=0,sigma=0.05,tau_limit=100)",Hausdorff Distance,directed_hausdorff_to_convex_hull
robotarm_dim_scaling,adversarial_nadv1,2,4,100,597631,0.10628946942,1.0,0.1,0.1,"adaptive_inverse_dynamics_tracking(kp=0.01,kd=0.005,lambda=0.02,gamma=0,sigma=0.05,tau_limit=100)",Hausdorff Distance,directed_hausdorff_to_convex_hull
robotarm_dim_scaling,adversarial_nadv1,2,4,300,597831,0.0227828431952,1.0,0.1,0.1,"adaptive_inverse_dynamics_tracking(kp=0.01,kd=0.005,lambda=0.02,gamma=0,sigma=0.05,tau_limit=100)",Hausdorff Distance,directed_hausdorff_to_convex_hull
robotarm_dim_scaling,adversarial_nadv1,2,4,1000,598531,0.0162950767047,1.0,0.1,0.1,"adaptive_inverse_dynamics_tracking(kp=0.01,kd=0.005,lambda=0.02,gamma=0,sigma=0.05,tau_limit=100)",Hausdorff Distance,directed_hausdorff_to_convex_hull
robotarm_dim_scaling,adversarial_nadv1,2,4,3000,600531,0.0146748974554,1.0,0.1,0.1,"adaptive_inverse_dynamics_tracking(kp=0.01,kd=0.005,lambda=0.02,gamma=0,sigma=0.05,tau_limit=100)",Hausdorff Distance,directed_hausdorff_to_convex_hull
robotarm_dim_scaling,adversarial_nadv1,2,4,1,597632,0.348773798307,1.0,0.1,0.1,"adaptive_inverse_dynamics_tracking(kp=0.01,kd=0.005,lambda=0.02,gamma=0,sigma=0.05,tau_limit=100)",Hausdorff Distance,directed_hausdorff_to_convex_hull
robotarm_dim_scaling,adversarial_nadv1,2,4,3,597634,0.257221011507,1.0,0.1,0.1,"adaptive_inverse_dynamics_tracking(kp=0.01,kd=0.005,lambda=0.02,gamma=0,sigma=0.05,tau_limit=100)",Hausdorff Distance,directed_hausdorff_to_convex_hull
robotarm_dim_scaling,adversarial_nadv1,2,4,10,597641,0.157269663421,1.0,0.1,0.1,"adaptive_inverse_dynamics_tracking(kp=0.01,kd=0.005,lambda=0.02,gamma=0,sigma=0.05,tau_limit=100)",Hausdorff Distance,directed_hausdorff_to_convex_hull
robotarm_dim_scaling,adversarial_nadv1,2,4,30,597661,0.124839489572,1.0,0.1,0.1,"adaptive_inverse_dynamics_tracking(kp=0.01,kd=0.005,lambda=0.02,gamma=0,sigma=0.05,tau_limit=100)",Hausdorff Distance,directed_hausdorff_to_convex_hull
robotarm_dim_scaling,adversarial_nadv1,2,4,100,597731,0.0892567661029,1.0,0.1,0.1,"adaptive_inverse_dynamics_tracking(kp=0.01,kd=0.005,lambda=0.02,gamma=0,sigma=0.05,tau_limit=100)",Hausdorff Distance,directed_hausdorff_to_convex_hull
robotarm_dim_scaling,adversarial_nadv1,2,4,300,597931,0.022878163627,1.0,0.1,0.1,"adaptive_inverse_dynamics_tracking(kp=0.01,kd=0.005,lambda=0.02,gamma=0,sigma=0.05,tau_limit=100)",Hausdorff Distance,directed_hausdorff_to_convex_hull
robotarm_dim_scaling,adversarial_nadv1,2,4,1000,598631,0.015789427722,1.0,0.1,0.1,"adaptive_inverse_dynamics_tracking(kp=0.01,kd=0.005,lambda=0.02,gamma=0,sigma=0.05,tau_limit=100)",Hausdorff Distance,directed_hausdorff_to_convex_hull
robotarm_dim_scaling,adversarial_nadv1,2,4,3000,600631,0.0145307920064,1.0,0.1,0.1,"adaptive_inverse_dynamics_tracking(kp=0.01,kd=0.005,lambda=0.02,gamma=0,sigma=0.05,tau_limit=100)",Hausdorff Distance,directed_hausdorff_to_convex_hull
robotarm_dim_scaling,adversarial_nadv1,2,4,1,597732,0.38866311845,1.0,0.1,0.1,"adaptive_inverse_dynamics_tracking(kp=0.01,kd=0.005,lambda=0.02,gamma=0,sigma=0.05,tau_limit=100)",Hausdorff Distance,directed_hausdorff_to_convex_hull
robotarm_dim_scaling,adversarial_nadv1,2,4,3,597734,0.271771435121,1.0,0.1,0.1,"adaptive_inverse_dynamics_tracking(kp=0.01,kd=0.005,lambda=0.02,gamma=0,sigma=0.05,tau_limit=100)",Hausdorff Distance,directed_hausdorff_to_convex_hull
robotarm_dim_scaling,adversarial_nadv1,2,4,10,597741,0.172616700864,1.0,0.1,0.1,"adaptive_inverse_dynamics_tracking(kp=0.01,kd=0.005,lambda=0.02,gamma=0,sigma=0.05,tau_limit=100)",Hausdorff Distance,directed_hausdorff_to_convex_hull
robotarm_dim_scaling,adversarial_nadv1,2,4,30,597761,0.105097686505,1.0,0.1,0.1,"adaptive_inverse_dynamics_tracking(kp=0.01,kd=0.005,lambda=0.02,gamma=0,sigma=0.05,tau_limit=100)",Hausdorff Distance,directed_hausdorff_to_convex_hull
robotarm_dim_scaling,adversarial_nadv1,2,4,100,597831,0.0702130437683,1.0,0.1,0.1,"adaptive_inverse_dynamics_tracking(kp=0.01,kd=0.005,lambda=0.02,gamma=0,sigma=0.05,tau_limit=100)",Hausdorff Distance,directed_hausdorff_to_convex_hull
robotarm_dim_scaling,adversarial_nadv1,2,4,300,598031,0.0459753249911,1.0,0.1,0.1,"adaptive_inverse_dynamics_tracking(kp=0.01,kd=0.005,lambda=0.02,gamma=0,sigma=0.05,tau_limit=100)",Hausdorff Distance,directed_hausdorff_to_convex_hull
robotarm_dim_scaling,adversarial_nadv1,2,4,1000,598731,0.017045601274,1.0,0.1,0.1,"adaptive_inverse_dynamics_tracking(kp=0.01,kd=0.005,lambda=0.02,gamma=0,sigma=0.05,tau_limit=100)",Hausdorff Distance,directed_hausdorff_to_convex_hull
robotarm_dim_scaling,adversarial_nadv1,2,4,3000,600731,0.0156022627928,1.0,0.1,0.1,"adaptive_inverse_dynamics_tracking(kp=0.01,kd=0.005,lambda=0.02,gamma=0,sigma=0.05,tau_limit=100)",Hausdorff Distance,directed_hausdorff_to_convex_hull
robotarm_dim_scaling,adversarial_nadv1,2,4,1,597832,0.315484205639,1.0,0.1,0.1,"adaptive_inverse_dynamics_tracking(kp=0.01,kd=0.005,lambda=0.02,gamma=0,sigma=0.05,tau_limit=100)",Hausdorff Distance,directed_hausdorff_to_convex_hull
robotarm_dim_scaling,adversarial_nadv1,2,4,3,597834,0.258454484713,1.0,0.1,0.1,"adaptive_inverse_dynamics_tracking(kp=0.01,kd=0.005,lambda=0.02,gamma=0,sigma=0.05,tau_limit=100)",Hausdorff Distance,directed_hausdorff_to_convex_hull
robotarm_dim_scaling,adversarial_nadv1,2,4,10,597841,0.190517720872,1.0,0.1,0.1,"adaptive_inverse_dynamics_tracking(kp=0.01,kd=0.005,lambda=0.02,gamma=0,sigma=0.05,tau_limit=100)",Hausdorff Distance,directed_hausdorff_to_convex_hull
robotarm_dim_scaling,adversarial_nadv1,2,4,30,597861,0.14428288234,1.0,0.1,0.1,"adaptive_inverse_dynamics_tracking(kp=0.01,kd=0.005,lambda=0.02,gamma=0,sigma=0.05,tau_limit=100)",Hausdorff Distance,directed_hausdorff_to_convex_hull
robotarm_dim_scaling,adversarial_nadv1,2,4,100,597931,0.0945096412685,1.0,0.1,0.1,"adaptive_inverse_dynamics_tracking(kp=0.01,kd=0.005,lambda=0.02,gamma=0,sigma=0.05,tau_limit=100)",Hausdorff Distance,directed_hausdorff_to_convex_hull
robotarm_dim_scaling,adversarial_nadv1,2,4,300,598131,0.0501169176123,1.0,0.1,0.1,"adaptive_inverse_dynamics_tracking(kp=0.01,kd=0.005,lambda=0.02,gamma=0,sigma=0.05,tau_limit=100)",Hausdorff Distance,directed_hausdorff_to_convex_hull
robotarm_dim_scaling,adversarial_nadv1,2,4,1000,598831,0.0148521128513,1.0,0.1,0.1,"adaptive_inverse_dynamics_tracking(kp=0.01,kd=0.005,lambda=0.02,gamma=0,sigma=0.05,tau_limit=100)",Hausdorff Distance,directed_hausdorff_to_convex_hull
robotarm_dim_scaling,adversarial_nadv1,2,4,3000,600831,0.015119140092,1.0,0.1,0.1,"adaptive_inverse_dynamics_tracking(kp=0.01,kd=0.005,lambda=0.02,gamma=0,sigma=0.05,tau_limit=100)",Hausdorff Distance,directed_hausdorff_to_convex_hull
robotarm_dim_scaling,adversarial_nadv1,2,4,1,597932,0.358616940946,1.0,0.1,0.1,"adaptive_inverse_dynamics_tracking(kp=0.01,kd=0.005,lambda=0.02,gamma=0,sigma=0.05,tau_limit=100)",Hausdorff Distance,directed_hausdorff_to_convex_hull
robotarm_dim_scaling,adversarial_nadv1,2,4,3,597934,0.319949780887,1.0,0.1,0.1,"adaptive_inverse_dynamics_tracking(kp=0.01,kd=0.005,lambda=0.02,gamma=0,sigma=0.05,tau_limit=100)",Hausdorff Distance,directed_hausdorff_to_convex_hull
robotarm_dim_scaling,adversarial_nadv1,2,4,10,597941,0.195169301401,1.0,0.1,0.1,"adaptive_inverse_dynamics_tracking(kp=0.01,kd=0.005,lambda=0.02,gamma=0,sigma=0.05,tau_limit=100)",Hausdorff Distance,directed_hausdorff_to_convex_hull
robotarm_dim_scaling,adversarial_nadv1,2,4,30,597961,0.136853277555,1.0,0.1,0.1,"adaptive_inverse_dynamics_tracking(kp=0.01,kd=0.005,lambda=0.02,gamma=0,sigma=0.05,tau_limit=100)",Hausdorff Distance,directed_hausdorff_to_convex_hull
robotarm_dim_scaling,adversarial_nadv1,2,4,100,598031,0.072357964319,1.0,0.1,0.1,"adaptive_inverse_dynamics_tracking(kp=0.01,kd=0.005,lambda=0.02,gamma=0,sigma=0.05,tau_limit=100)",Hausdorff Distance,directed_hausdorff_to_convex_hull
robotarm_dim_scaling,adversarial_nadv1,2,4,300,598231,0.0215879247702,1.0,0.1,0.1,"adaptive_inverse_dynamics_tracking(kp=0.01,kd=0.005,lambda=0.02,gamma=0,sigma=0.05,tau_limit=100)",Hausdorff Distance,directed_hausdorff_to_convex_hull
robotarm_dim_scaling,adversarial_nadv1,2,4,1000,598931,0.0153813389709,1.0,0.1,0.1,"adaptive_inverse_dynamics_tracking(kp=0.01,kd=0.005,lambda=0.02,gamma=0,sigma=0.05,tau_limit=100)",Hausdorff Distance,directed_hausdorff_to_convex_hull
robotarm_dim_scaling,adversarial_nadv1,2,4,3000,600931,0.014763078181,1.0,0.1,0.1,"adaptive_inverse_dynamics_tracking(kp=0.01,kd=0.005,lambda=0.02,gamma=0,sigma=0.05,tau_limit=100)",Hausdorff Distance,directed_hausdorff_to_convex_hull
robotarm_dim_scaling,adversarial_nadv1,2,4,1,598032,0.340441065503,1.0,0.1,0.1,"adaptive_inverse_dynamics_tracking(kp=0.01,kd=0.005,lambda=0.02,gamma=0,sigma=0.05,tau_limit=100)",Hausdorff Distance,directed_hausdorff_to_convex_hull
robotarm_dim_scaling,adversarial_nadv1,2,4,3,598034,0.32466752161,1.0,0.1,0.1,"adaptive_inverse_dynamics_tracking(kp=0.01,kd=0.005,lambda=0.02,gamma=0,sigma=0.05,tau_limit=100)",Hausdorff Distance,directed_hausdorff_to_convex_hull
robotarm_dim_scaling,adversarial_nadv1,2,4,10,598041,0.194402977853,1.0,0.1,0.1,"adaptive_inverse_dynamics_tracking(kp=0.01,kd=0.005,lambda=0.02,gamma=0,sigma=0.05,tau_limit=100)",Hausdorff Distance,directed_hausdorff_to_convex_hull
robotarm_dim_scaling,adversarial_nadv1,2,4,30,598061,0.141470835537,1.0,0.1,0.1,"adaptive_inverse_dynamics_tracking(kp=0.01,kd=0.005,lambda=0.02,gamma=0,sigma=0.05,tau_limit=100)",Hausdorff Distance,directed_hausdorff_to_convex_hull
robotarm_dim_scaling,adversarial_nadv1,2,4,100,598131,0.0625310319417,1.0,0.1,0.1,"adaptive_inverse_dynamics_tracking(kp=0.01,kd=0.005,lambda=0.02,gamma=0,sigma=0.05,tau_limit=100)",Hausdorff Distance,directed_hausdorff_to_convex_hull
robotarm_dim_scaling,adversarial_nadv1,2,4,300,598331,0.0231895384574,1.0,0.1,0.1,"adaptive_inverse_dynamics_tracking(kp=0.01,kd=0.005,lambda=0.02,gamma=0,sigma=0.05,tau_limit=100)",Hausdorff Distance,directed_hausdorff_to_convex_hull
robotarm_dim_scaling,adversarial_nadv1,2,4,1000,599031,0.0146482206122,1.0,0.1,0.1,"adaptive_inverse_dynamics_tracking(kp=0.01,kd=0.005,lambda=0.02,gamma=0,sigma=0.05,tau_limit=100)",Hausdorff Distance,directed_hausdorff_to_convex_hull
robotarm_dim_scaling,adversarial_nadv1,2,4,3000,601031,0.0137564795775,1.0,0.1,0.1,"adaptive_inverse_dynamics_tracking(kp=0.01,kd=0.005,lambda=0.02,gamma=0,sigma=0.05,tau_limit=100)",Hausdorff Distance,directed_hausdorff_to_convex_hull
robotarm_dim_scaling,adversarial_nadv1,2,4,1,598132,0.331556089318,1.0,0.1,0.1,"adaptive_inverse_dynamics_tracking(kp=0.01,kd=0.005,lambda=0.02,gamma=0,sigma=0.05,tau_limit=100)",Hausdorff Distance,directed_hausdorff_to_convex_hull
robotarm_dim_scaling,adversarial_nadv1,2,4,3,598134,0.358897449549,1.0,0.1,0.1,"adaptive_inverse_dynamics_tracking(kp=0.01,kd=0.005,lambda=0.02,gamma=0,sigma=0.05,tau_limit=100)",Hausdorff Distance,directed_hausdorff_to_convex_hull
robotarm_dim_scaling,adversarial_nadv1,2,4,10,598141,0.17763759187,1.0,0.1,0.1,"adaptive_inverse_dynamics_tracking(kp=0.01,kd=0.005,lambda=0.02,gamma=0,sigma=0.05,tau_limit=100)",Hausdorff Distance,directed_hausdorff_to_convex_hull
robotarm_dim_scaling,adversarial_nadv1,2,4,30,598161,0.0916620917806,1.0,0.1,0.1,"adaptive_inverse_dynamics_tracking(kp=0.01,kd=0.005,lambda=0.02,gamma=0,sigma=0.05,tau_limit=100)",Hausdorff Distance,directed_hausdorff_to_convex_hull
robotarm_dim_scaling,adversarial_nadv1,2,4,100,598231,0.0667097555355,1.0,0.1,0.1,"adaptive_inverse_dynamics_tracking(kp=0.01,kd=0.005,lambda=0.02,gamma=0,sigma=0.05,tau_limit=100)",Hausdorff Distance,directed_hausdorff_to_convex_hull
robotarm_dim_scaling,adversarial_nadv1,2,4,300,598431,0.0159154340555,1.0,0.1,0.1,"adaptive_inverse_dynamics_tracking(kp=0.01,kd=0.005,lambda=0.02,gamma=0,sigma=0.05,tau_limit=100)",Hausdorff Distance,directed_hausdorff_to_convex_hull
robotarm_dim_scaling,adversarial_nadv1,2,4,1000,599131,0.0151329395934,1.0,0.1,0.1,"adaptive_inverse_dynamics_tracking(kp=0.01,kd=0.005,lambda=0.02,gamma=0,sigma=0.05,tau_limit=100)",Hausdorff Distance,directed_hausdorff_to_convex_hull
robotarm_dim_scaling,adversarial_nadv1,2,4,3000,601131,0.0141759675918,1.0,0.1,0.1,"adaptive_inverse_dynamics_tracking(kp=0.01,kd=0.005,lambda=0.02,gamma=0,sigma=0.05,tau_limit=100)",Hausdorff Distance,directed_hausdorff_to_convex_hull
robotarm_dim_scaling,adversarial_nadv1,2,4,1,598232,0.31987388011,1.0,0.1,0.1,"adaptive_inverse_dynamics_tracking(kp=0.01,kd=0.005,lambda=0.02,gamma=0,sigma=0.05,tau_limit=100)",Hausdorff Distance,directed_hausdorff_to_convex_hull
robotarm_dim_scaling,adversarial_nadv1,2,4,3,598234,0.265615667067,1.0,0.1,0.1,"adaptive_inverse_dynamics_tracking(kp=0.01,kd=0.005,lambda=0.02,gamma=0,sigma=0.05,tau_limit=100)",Hausdorff Distance,directed_hausdorff_to_convex_hull
robotarm_dim_scaling,adversarial_nadv1,2,4,10,598241,0.202153112724,1.0,0.1,0.1,"adaptive_inverse_dynamics_tracking(kp=0.01,kd=0.005,lambda=0.02,gamma=0,sigma=0.05,tau_limit=100)",Hausdorff Distance,directed_hausdorff_to_convex_hull
robotarm_dim_scaling,adversarial_nadv1,2,4,30,598261,0.117530476037,1.0,0.1,0.1,"adaptive_inverse_dynamics_tracking(kp=0.01,kd=0.005,lambda=0.02,gamma=0,sigma=0.05,tau_limit=100)",Hausdorff Distance,directed_hausdorff_to_convex_hull
robotarm_dim_scaling,adversarial_nadv1,2,4,100,598331,0.04192612177,1.0,0.1,0.1,"adaptive_inverse_dynamics_tracking(kp=0.01,kd=0.005,lambda=0.02,gamma=0,sigma=0.05,tau_limit=100)",Hausdorff Distance,directed_hausdorff_to_convex_hull
robotarm_dim_scaling,adversarial_nadv1,2,4,300,598531,0.0275834618337,1.0,0.1,0.1,"adaptive_inverse_dynamics_tracking(kp=0.01,kd=0.005,lambda=0.02,gamma=0,sigma=0.05,tau_limit=100)",Hausdorff Distance,directed_hausdorff_to_convex_hull
robotarm_dim_scaling,adversarial_nadv1,2,4,1000,599231,0.0157725192775,1.0,0.1,0.1,"adaptive_inverse_dynamics_tracking(kp=0.01,kd=0.005,lambda=0.02,gamma=0,sigma=0.05,tau_limit=100)",Hausdorff Distance,directed_hausdorff_to_convex_hull
robotarm_dim_scaling,adversarial_nadv1,2,4,3000,601231,0.0151839877773,1.0,0.1,0.1,"adaptive_inverse_dynamics_tracking(kp=0.01,kd=0.005,lambda=0.02,gamma=0,sigma=0.05,tau_limit=100)",Hausdorff Distance,directed_hausdorff_to_convex_hull
robotarm_dim_scaling,adversarial_nadv1,2,4,1,598332,0.314602774806,1.0,0.1,0.1,"adaptive_inverse_dynamics_tracking(kp=0.01,kd=0.005,lambda=0.02,gamma=0,sigma=0.05,tau_limit=100)",Hausdorff Distance,directed_hausdorff_to_convex_hull
robotarm_dim_scaling,adversarial_nadv1,2,4,3,598334,0.353470129842,1.0,0.1,0.1,"adaptive_inverse_dynamics_tracking(kp=0.01,kd=0.005,lambda=0.02,gamma=0,sigma=0.05,tau_limit=100)",Hausdorff Distance,directed_hausdorff_to_convex_hull
robotarm_dim_scaling,adversarial_nadv1,2,4,10,598341,0.171041255983,1.0,0.1,0.1,"adaptive_inverse_dynamics_tracking(kp=0.01,kd=0.005,lambda=0.02,gamma=0,sigma=0.05,tau_limit=100)",Hausdorff Distance,directed_hausdorff_to_convex_hull
robotarm_dim_scaling,adversarial_nadv1,2,4,30,598361,0.0949425085508,1.0,0.1,0.1,"adaptive_inverse_dynamics_tracking(kp=0.01,kd=0.005,lambda=0.02,gamma=0,sigma=0.05,tau_limit=100)",Hausdorff Distance,directed_hausdorff_to_convex_hull
robotarm_dim_scaling,adversarial_nadv1,2,4,100,598431,0.116052094276,1.0,0.1,0.1,"adaptive_inverse_dynamics_tracking(kp=0.01,kd=0.005,lambda=0.02,gamma=0,sigma=0.05,tau_limit=100)",Hausdorff Distance,directed_hausdorff_to_convex_hull
robotarm_dim_scaling,adversarial_nadv1,2,4,300,598631,0.0160641561917,1.0,0.1,0.1,"adaptive_inverse_dynamics_tracking(kp=0.01,kd=0.005,lambda=0.02,gamma=0,sigma=0.05,tau_limit=100)",Hausdorff Distance,directed_hausdorff_to_convex_hull
robotarm_dim_scaling,adversarial_nadv1,2,4,1000,599331,0.0163860538531,1.0,0.1,0.1,"adaptive_inverse_dynamics_tracking(kp=0.01,kd=0.005,lambda=0.02,gamma=0,sigma=0.05,tau_limit=100)",Hausdorff Distance,directed_hausdorff_to_convex_hull
robotarm_dim_scaling,adversarial_nadv1,2,4,3000,601331,0.0154745487002,1.0,0.1,0.1,"adaptive_inverse_dynamics_tracking(kp=0.01,kd=0.005,lambda=0.02,gamma=0,sigma=0.05,tau_limit=100)",Hausdorff Distance,directed_hausdorff_to_convex_hull
robotarm_dim_scaling,adversarial_nadv1,2,4,1,598432,0.357985398661,1.0,0.1,0.1,"adaptive_inverse_dynamics_tracking(kp=0.01,kd=0.005,lambda=0.02,gamma=0,sigma=0.05,tau_limit=100)",Hausdorff Distance,directed_hausdorff_to_convex_hull
robotarm_dim_scaling,adversarial_nadv1,2,4,3,598434,0.334190845158,1.0,0.1,0.1,"adaptive_inverse_dynamics_tracking(kp=0.01,kd=0.005,lambda=0.02,gamma=0,sigma=0.05,tau_limit=100)",Hausdorff Distance,directed_hausdorff_to_convex_hull
robotarm_dim_scaling,adversarial_nadv1,2,4,10,598441,0.184929740531,1.0,0.1,0.1,"adaptive_inverse_dynamics_tracking(kp=0.01,kd=0.005,lambda=0.02,gamma=0,sigma=0.05,tau_limit=100)",Hausdorff Distance,directed_hausdorff_to_convex_hull
robotarm_dim_scaling,adversarial_nadv1,2,4,30,598461,0.143977386161,1.0,0.1,0.1,"adaptive_inverse_dynamics_tracking(kp=0.01,kd=0.005,lambda=0.02,gamma=0,sigma=0.05,tau_limit=100)",Hausdorff Distance,directed_hausdorff_to_convex_hull
robotarm_dim_scaling,adversarial_nadv1,2,4,100,598531,0.102191174928,1.0,0.1,0.1,"adaptive_inverse_dynamics_tracking(kp=0.01,kd=0.005,lambda=0.02,gamma=0,sigma=0.05,tau_limit=100)",Hausdorff Distance,directed_hausdorff_to_convex_hull
robotarm_dim_scaling,adversarial_nadv1,2,4,300,598731,0.0381515029353,1.0,0.1,0.1,"adaptive_inverse_dynamics_tracking(kp=0.01,kd=0.005,lambda=0.02,gamma=0,sigma=0.05,tau_limit=100)",Hausdorff Distance,directed_hausdorff_to_convex_hull
robotarm_dim_scaling,adversarial_nadv1,2,4,1000,599431,0.0150040758717,1.0,0.1,0.1,"adaptive_inverse_dynamics_tracking(kp=0.01,kd=0.005,lambda=0.02,gamma=0,sigma=0.05,tau_limit=100)",Hausdorff Distance,directed_hausdorff_to_convex_hull
robotarm_dim_scaling,adversarial_nadv1,2,4,3000,601431,0.0150264216087,1.0,0.1,0.1,"adaptive_inverse_dynamics_tracking(kp=0.01,kd=0.005,lambda=0.02,gamma=0,sigma=0.05,tau_limit=100)",Hausdorff Distance,directed_hausdorff_to_convex_hull
robotarm_dim_scaling,adversarial_nadv1,3,6,1,607532,0.364908116899,1.0,0.1,0.1,"adaptive_inverse_dynamics_tracking(kp=0.01,kd=0.005,lambda=0.02,gamma=0,sigma=0.05,tau_limit=100)",Hausdorff Distance,directed_hausdorff_to_convex_hull
robotarm_dim_scaling,adversarial_nadv1,3,6,3,607534,0.289692585154,1.0,0.1,0.1,"adaptive_inverse_dynamics_tracking(kp=0.01,kd=0.005,lambda=0.02,gamma=0,sigma=0.05,tau_limit=100)",Hausdorff Distance,directed_hausdorff_to_convex_hull
robotarm_dim_scaling,adversarial_nadv1,3,6,10,607541,0.284516209448,1.0,0.1,0.1,"adaptive_inverse_dynamics_tracking(kp=0.01,kd=0.005,lambda=0.02,gamma=0,sigma=0.05,tau_limit=100)",Hausdorff Distance,directed_hausdorff_to_convex_hull
robotarm_dim_scaling,adversarial_nadv1,3,6,30,607561,0.162920677043,1.0,0.1,0.1,"adaptive_inverse_dynamics_tracking(kp=0.01,kd=0.005,lambda=0.02,gamma=0,sigma=0.05,tau_limit=100)",Hausdorff Distance,directed_hausdorff_to_convex_hull
robotarm_dim_scaling,adversarial_nadv1,3,6,100,607631,0.112461061371,1.0,0.1,0.1,"adaptive_inverse_dynamics_tracking(kp=0.01,kd=0.005,lambda=0.02,gamma=0,sigma=0.05,tau_limit=100)",Hausdorff Distance,directed_hausdorff_to_convex_hull
robotarm_dim_scaling,adversarial_nadv1,3,6,300,607831,0.0846254822545,1.0,0.1,0.1,"adaptive_inverse_dynamics_tracking(kp=0.01,kd=0.005,lambda=0.02,gamma=0,sigma=0.05,tau_limit=100)",Hausdorff Distance,directed_hausdorff_to_convex_hull
robotarm_dim_scaling,adversarial_nadv1,3,6,1000,608531,0.0372656730211,1.0,0.1,0.1,"adaptive_inverse_dynamics_tracking(kp=0.01,kd=0.005,lambda=0.02,gamma=0,sigma=0.05,tau_limit=100)",Hausdorff Distance,directed_hausdorff_to_convex_hull
robotarm_dim_scaling,adversarial_nadv1,3,6,3000,610531,0.0206333088246,1.0,0.1,0.1,"adaptive_inverse_dynamics_tracking(kp=0.01,kd=0.005,lambda=0.02,gamma=0,sigma=0.05,tau_limit=100)",Hausdorff Distance,directed_hausdorff_to_convex_hull
robotarm_dim_scaling,adversarial_nadv1,3,6,1,607632,0.423876622514,1.0,0.1,0.1,"adaptive_inverse_dynamics_tracking(kp=0.01,kd=0.005,lambda=0.02,gamma=0,sigma=0.05,tau_limit=100)",Hausdorff Distance,directed_hausdorff_to_convex_hull
robotarm_dim_scaling,adversarial_nadv1,3,6,3,607634,0.359272157085,1.0,0.1,0.1,"adaptive_inverse_dynamics_tracking(kp=0.01,kd=0.005,lambda=0.02,gamma=0,sigma=0.05,tau_limit=100)",Hausdorff Distance,directed_hausdorff_to_convex_hull
robotarm_dim_scaling,adversarial_nadv1,3,6,10,607641,0.204954454296,1.0,0.1,0.1,"adaptive_inverse_dynamics_tracking(kp=0.01,kd=0.005,lambda=0.02,gamma=0,sigma=0.05,tau_limit=100)",Hausdorff Distance,directed_hausdorff_to_convex_hull
robotarm_dim_scaling,adversarial_nadv1,3,6,30,607661,0.158602725617,1.0,0.1,0.1,"adaptive_inverse_dynamics_tracking(kp=0.01,kd=0.005,lambda=0.02,gamma=0,sigma=0.05,tau_limit=100)",Hausdorff Distance,directed_hausdorff_to_convex_hull
robotarm_dim_scaling,adversarial_nadv1,3,6,100,607731,0.129898323789,1.0,0.1,0.1,"adaptive_inverse_dynamics_tracking(kp=0.01,kd=0.005,lambda=0.02,gamma=0,sigma=0.05,tau_limit=100)",Hausdorff Distance,directed_hausdorff_to_convex_hull
robotarm_dim_scaling,adversarial_nadv1,3,6,300,607931,0.081755880245,1.0,0.1,0.1,"adaptive_inverse_dynamics_tracking(kp=0.01,kd=0.005,lambda=0.02,gamma=0,sigma=0.05,tau_limit=100)",Hausdorff Distance,directed_hausdorff_to_convex_hull
robotarm_dim_scaling,adversarial_nadv1,3,6,1000,608631,0.0423709755797,1.0,0.1,0.1,"adaptive_inverse_dynamics_tracking(kp=0.01,kd=0.005,lambda=0.02,gamma=0,sigma=0.05,tau_limit=100)",Hausdorff Distance,directed_hausdorff_to_convex_hull
robotarm_dim_scaling,adversarial_nadv1,3,6,3000,610631,0.0332747050978,1.0,0.1,0.1,"adaptive_inverse_dynamics_tracking(kp=0.01,kd=0.005,lambda=0.02,gamma=0,sigma=0.05,tau_limit=100)",Hausdorff Distance,directed_hausdorff_to_convex_hull
robotarm_dim_scaling,adversarial_nadv1,3,6,1,607732,0.463737002608,1.0,0.1,0.1,"adaptive_inverse_dynamics_tracking(kp=0.01,kd=0.005,lambda=0.02,gamma=0,sigma=0.05,tau_limit=100)",Hausdorff Distance,directed_hausdorff_to_convex_hull
robotarm_dim_scaling,adversarial_nadv1,3,6,3,607734,0.328972017757,1.0,0.1,0.1,"adaptive_inverse_dynamics_tracking(kp=0.01,kd=0.005,lambda=0.02,gamma=0,sigma=0.05,tau_limit=100)",Hausdorff Distance,directed_hausdorff_to_convex_hull
robotarm_dim_scaling,adversarial_nadv1,3,6,10,607741,0.225086666173,1.0,0.1,0.1,"adaptive_inverse_dynamics_tracking(kp=0.01,kd=0.005,lambda=0.02,gamma=0,sigma=0.05,tau_limit=100)",Hausdorff Distance,directed_hausdorff_to_convex_hull
robotarm_dim_scaling,adversarial_nadv1,3,6,30,607761,0.163676940616,1.0,0.1,0.1,"adaptive_inverse_dynamics_tracking(kp=0.01,kd=0.005,lambda=0.02,gamma=0,sigma=0.05,tau_limit=100)",Hausdorff Distance,directed_hausdorff_to_convex_hull
robotarm_dim_scaling,adversarial_nadv1,3,6,100,607831,0.120658164066,1.0,0.1,0.1,"adaptive_inverse_dynamics_tracking(kp=0.01,kd=0.005,lambda=0.02,gamma=0,sigma=0.05,tau_limit=100)",Hausdorff Distance,directed_hausdorff_to_convex_hull
robotarm_dim_scaling,adversarial_nadv1,3,6,300,608031,0.118782580109,1.0,0.1,0.1,"adaptive_inverse_dynamics_tracking(kp=0.01,kd=0.005,lambda=0.02,gamma=0,sigma=0.05,tau_limit=100)",Hausdorff Distance,directed_hausdorff_to_convex_hull
robotarm_dim_scaling,adversarial_nadv1,3,6,1000,608731,0.0435142141196,1.0,0.1,0.1,"adaptive_inverse_dynamics_tracking(kp=0.01,kd=0.005,lambda=0.02,gamma=0,sigma=0.05,tau_limit=100)",Hausdorff Distance,directed_hausdorff_to_convex_hull
robotarm_dim_scaling,adversarial_nadv1,3,6,3000,610731,0.0195413355141,1.0,0.1,0.1,"adaptive_inverse_dynamics_tracking(kp=0.01,kd=0.005,lambda=0.02,gamma=0,sigma=0.05,tau_limit=100)",Hausdorff Distance,directed_hausdorff_to_convex_hull
robotarm_dim_scaling,adversarial_nadv1,3,6,1,607832,0.402201556573,1.0,0.1,0.1,"adaptive_inverse_dynamics_tracking(kp=0.01,kd=0.005,lambda=0.02,gamma=0,sigma=0.05,tau_limit=100)",Hausdorff Distance,directed_hausdorff_to_convex_hull
robotarm_dim_scaling,adversarial_nadv1,3,6,3,607834,0.293235490617,1.0,0.1,0.1,"adaptive_inverse_dynamics_tracking(kp=0.01,kd=0.005,lambda=0.02,gamma=0,sigma=0.05,tau_limit=100)",Hausdorff Distance,directed_hausdorff_to_convex_hull
robotarm_dim_scaling,adversarial_nadv1,3,6,10,607841,0.247726307767,1.0,0.1,0.1,"adaptive_inverse_dynamics_tracking(kp=0.01,kd=0.005,lambda=0.02,gamma=0,sigma=0.05,tau_limit=100)",Hausdorff Distance,directed_hausdorff_to_convex_hull
robotarm_dim_scaling,adversarial_nadv1,3,6,30,607861,0.176806460062,1.0,0.1,0.1,"adaptive_inverse_dynamics_tracking(kp=0.01,kd=0.005,lambda=0.02,gamma=0,sigma=0.05,tau_limit=100)",Hausdorff Distance,directed_hausdorff_to_convex_hull
robotarm_dim_scaling,adversarial_nadv1,3,6,100,607931,0.103987854725,1.0,0.1,0.1,"adaptive_inverse_dynamics_tracking(kp=0.01,kd=0.005,lambda=0.02,gamma=0,sigma=0.05,tau_limit=100)",Hausdorff Distance,directed_hausdorff_to_convex_hull
robotarm_dim_scaling,adversarial_nadv1,3,6,300,608131,0.0703561172368,1.0,0.1,0.1,"adaptive_inverse_dynamics_tracking(kp=0.01,kd=0.005,lambda=0.02,gamma=0,sigma=0.05,tau_limit=100)",Hausdorff Distance,directed_hausdorff_to_convex_hull
robotarm_dim_scaling,adversarial_nadv1,3,6,1000,608831,0.0452413790229,1.0,0.1,0.1,"adaptive_inverse_dynamics_tracking(kp=0.01,kd=0.005,lambda=0.02,gamma=0,sigma=0.05,tau_limit=100)",Hausdorff Distance,directed_hausdorff_to_convex_hull
robotarm_dim_scaling,adversarial_nadv1,3,6,3000,610831,0.0237956385705,1.0,0.1,0.1,"adaptive_inverse_dynamics_tracking(kp=0.01,kd=0.005,lambda=0.02,gamma=0,sigma=0.05,tau_limit=100)",Hausdorff Distance,directed_hausdorff_to_convex_hull
robotarm_dim_scaling,adversarial_nadv1,3,6,1,607932,0.389044577715,1.0,0.1,0.1,"adaptive_inverse_dynamics_tracking(kp=0.01,kd=0.005,lambda=0.02,gamma=0,sigma=0.05,tau_limit=100)",Hausdorff Distance,directed_hausdorff_to_convex_hull
robotarm_dim_scaling,adversarial_nadv1,3,6,3,607934,0.35202468094,1.0,0.1,0.1,"adaptive_inverse_dynamics_tracking(kp=0.01,kd=0.005,lambda=0.02,gamma=0,sigma=0.05,tau_limit=100)",Hausdorff Distance,directed_hausdorff_to_convex_hull
robotarm_dim_scaling,adversarial_nadv1,3,6,10,607941,0.210139790213,1.0,0.1,0.1,"adaptive_inverse_dynamics_tracking(kp=0.01,kd=0.005,lambda=0.02,gamma=0,sigma=0.05,tau_limit=100)",Hausdorff Distance,directed_hausdorff_to_convex_hull
robotarm_dim_scaling,adversarial_nadv1,3,6,30,607961,0.188107631412,1.0,0.1,0.1,"adaptive_inverse_dynamics_tracking(kp=0.01,kd=0.005,lambda=0.02,gamma=0,sigma=0.05,tau_limit=100)",Hausdorff Distance,directed_hausdorff_to_convex_hull
robotarm_dim_scaling,adversarial_nadv1,3,6,100,608031,0.123449552819,1.0,0.1,0.1,"adaptive_inverse_dynamics_tracking(kp=0.01,kd=0.005,lambda=0.02,gamma=0,sigma=0.05,tau_limit=100)",Hausdorff Distance,directed_hausdorff_to_convex_hull
robotarm_dim_scaling,adversarial_nadv1,3,6,300,608231,0.0910328671565,1.0,0.1,0.1,"adaptive_inverse_dynamics_tracking(kp=0.01,kd=0.005,lambda=0.02,gamma=0,sigma=0.05,tau_limit=100)",Hausdorff Distance,directed_hausdorff_to_convex_hull
robotarm_dim_scaling,adversarial_nadv1,3,6,1000,608931,0.0431627194304,1.0,0.1,0.1,"adaptive_inverse_dynamics_tracking(kp=0.01,kd=0.005,lambda=0.02,gamma=0,sigma=0.05,tau_limit=100)",Hausdorff Distance,directed_hausdorff_to_convex_hull
robotarm_dim_scaling,adversarial_nadv1,3,6,3000,610931,0.0205557027145,1.0,0.1,0.1,"adaptive_inverse_dynamics_tracking(kp=0.01,kd=0.005,lambda=0.02,gamma=0,sigma=0.05,tau_limit=100)",Hausdorff Distance,directed_hausdorff_to_convex_hull
robotarm_dim_scaling,adversarial_nadv1,3,6,1,608032,0.413512723137,1.0,0.1,0.1,"adaptive_inverse_dynamics_tracking(kp=0.01,kd=0.005,lambda=0.02,gamma=0,sigma=0.05,tau_limit=100)",Hausdorff Distance,directed_hausdorff_to_convex_hull
robotarm_dim_scaling,adversarial_nadv1,3,6,3,608034,0.317550535951,1.0,0.1,0.1,"adaptive_inverse_dynamics_tracking(kp=0.01,kd=0.005,lambda=0.02,gamma=0,sigma=0.05,tau_limit=100)",Hausdorff Distance,directed_hausdorff_to_convex_hull
robotarm_dim_scaling,adversarial_nadv1,3,6,10,608041,0.21653729642,1.0,0.1,0.1,"adaptive_inverse_dynamics_tracking(kp=0.01,kd=0.005,lambda=0.02,gamma=0,sigma=0.05,tau_limit=100)",Hausdorff Distance,directed_hausdorff_to_convex_hull
robotarm_dim_scaling,adversarial_nadv1,3,6,30,608061,0.185964047363,1.0,0.1,0.1,"adaptive_inverse_dynamics_tracking(kp=0.01,kd=0.005,lambda=0.02,gamma=0,sigma=0.05,tau_limit=100)",Hausdorff Distance,directed_hausdorff_to_convex_hull
robotarm_dim_scaling,adversarial_nadv1,3,6,100,608131,0.126863426497,1.0,0.1,0.1,"adaptive_inverse_dynamics_tracking(kp=0.01,kd=0.005,lambda=0.02,gamma=0,sigma=0.05,tau_limit=100)",Hausdorff Distance,directed_hausdorff_to_convex_hull
robotarm_dim_scaling,adversarial_nadv1,3,6,300,608331,0.0644978488937,1.0,0.1,0.1,"adaptive_inverse_dynamics_tracking(kp=0.01,kd=0.005,lambda=0.02,gamma=0,sigma=0.05,tau_limit=100)",Hausdorff Distance,directed_hausdorff_to_convex_hull
robotarm_dim_scaling,adversarial_nadv1,3,6,1000,609031,0.0356986657182,1.0,0.1,0.1,"adaptive_inverse_dynamics_tracking(kp=0.01,kd=0.005,lambda=0.02,gamma=0,sigma=0.05,tau_limit=100)",Hausdorff Distance,directed_hausdorff_to_convex_hull
robotarm_dim_scaling,adversarial_nadv1,3,6,3000,611031,0.0306574115002,1.0,0.1,0.1,"adaptive_inverse_dynamics_tracking(kp=0.01,kd=0.005,lambda=0.02,gamma=0,sigma=0.05,tau_limit=100)",Hausdorff Distance,directed_hausdorff_to_convex_hull
robotarm_dim_scaling,adversarial_nadv1,3,6,1,608132,0.418430607224,1.0,0.1,0.1,"adaptive_inverse_dynamics_tracking(kp=0.01,kd=0.005,lambda=0.02,gamma=0,sigma=0.05,tau_limit=100)",Hausdorff Distance,directed_hausdorff_to_convex_hull
robotarm_dim_scaling,adversarial_nadv1,3,6,3,608134,0.377874555244,1.0,0.1,0.1,"adaptive_inverse_dynamics_tracking(kp=0.01,kd=0.005,lambda=0.02,gamma=0,sigma=0.05,tau_limit=100)",Hausdorff Distance,directed_hausdorff_to_convex_hull
robotarm_dim_scaling,adversarial_nadv1,3,6,10,608141,0.244636320642,1.0,0.1,0.1,"adaptive_inverse_dynamics_tracking(kp=0.01,kd=0.005,lambda=0.02,gamma=0,sigma=0.05,tau_limit=100)",Hausdorff Distance,directed_hausdorff_to_convex_hull
robotarm_dim_scaling,adversarial_nadv1,3,6,30,608161,0.182744293245,1.0,0.1,0.1,"adaptive_inverse_dynamics_tracking(kp=0.01,kd=0.005,lambda=0.02,gamma=0,sigma=0.05,tau_limit=100)",Hausdorff Distance,directed_hausdorff_to_convex_hull
robotarm_dim_scaling,adversarial_nadv1,3,6,100,608231,0.138346689528,1.0,0.1,0.1,"adaptive_inverse_dynamics_tracking(kp=0.01,kd=0.005,lambda=0.02,gamma=0,sigma=0.05,tau_limit=100)",Hausdorff Distance,directed_hausdorff_to_convex_hull
robotarm_dim_scaling,adversarial_nadv1,3,6,300,608431,0.0750229394009,1.0,0.1,0.1,"adaptive_inverse_dynamics_tracking(kp=0.01,kd=0.005,lambda=0.02,gamma=0,sigma=0.05,tau_limit=100)",Hausdorff Distance,directed_hausdorff_to_convex_hull
robotarm_dim_scaling,adversarial_nadv1,3,6,1000,609131,0.0486821406561,1.0,0.1,0.1,"adaptive_inverse_dynamics_tracking(kp=0.01,kd=0.005,lambda=0.02,gamma=0,sigma=0.05,tau_limit=100)",Hausdorff Distance,directed_hausdorff_to_convex_hull
robotarm_dim_scaling,adversarial_nadv1,3,6,3000,611131,0.0226946733887,1.0,0.1,0.1,"adaptive_inverse_dynamics_tracking(kp=0.01,kd=0.005,lambda=0.02,gamma=0,sigma=0.05,tau_limit=100)",Hausdorff Distance,directed_hausdorff_to_convex_hull
robotarm_dim_scaling,adversarial_nadv1,3,6,1,608232,0.478666914392,1.0,0.1,0.1,"adaptive_inverse_dynamics_tracking(kp=0.01,kd=0.005,lambda=0.02,gamma=0,sigma=0.05,tau_limit=100)",Hausdorff Distance,directed_hausdorff_to_convex_hull
robotarm_dim_scaling,adversarial_nadv1,3,6,3,608234,0.397495848151,1.0,0.1,0.1,"adaptive_inverse_dynamics_tracking(kp=0.01,kd=0.005,lambda=0.02,gamma=0,sigma=0.05,tau_limit=100)",Hausdorff Distance,directed_hausdorff_to_convex_hull
robotarm_dim_scaling,adversarial_nadv1,3,6,10,608241,0.217297832974,1.0,0.1,0.1,"adaptive_inverse_dynamics_tracking(kp=0.01,kd=0.005,lambda=0.02,gamma=0,sigma=0.05,tau_limit=100)",Hausdorff Distance,directed_hausdorff_to_convex_hull
robotarm_dim_scaling,adversarial_nadv1,3,6,30,608261,0.166915611648,1.0,0.1,0.1,"adaptive_inverse_dynamics_tracking(kp=0.01,kd=0.005,lambda=0.02,gamma=0,sigma=0.05,tau_limit=100)",Hausdorff Distance,directed_hausdorff_to_convex_hull
robotarm_dim_scaling,adversarial_nadv1,3,6,100,608331,0.10597774909,1.0,0.1,0.1,"adaptive_inverse_dynamics_tracking(kp=0.01,kd=0.005,lambda=0.02,gamma=0,sigma=0.05,tau_limit=100)",Hausdorff Distance,directed_hausdorff_to_convex_hull
robotarm_dim_scaling,adversarial_nadv1,3,6,300,608531,0.0527197834281,1.0,0.1,0.1,"adaptive_inverse_dynamics_tracking(kp=0.01,kd=0.005,lambda=0.02,gamma=0,sigma=0.05,tau_limit=100)",Hausdorff Distance,directed_hausdorff_to_convex_hull
robotarm_dim_scaling,adversarial_nadv1,3,6,1000,609231,0.0485800090401,1.0,0.1,0.1,"adaptive_inverse_dynamics_tracking(kp=0.01,kd=0.005,lambda=0.02,gamma=0,sigma=0.05,tau_limit=100)",Hausdorff Distance,directed_hausdorff_to_convex_hull
robotarm_dim_scaling,adversarial_nadv1,3,6,3000,611231,0.0203647947428,1.0,0.1,0.1,"adaptive_inverse_dynamics_tracking(kp=0.01,kd=0.005,lambda=0.02,gamma=0,sigma=0.05,tau_limit=100)",Hausdorff Distance,directed_hausdorff_to_convex_hull
robotarm_dim_scaling,adversarial_nadv1,3,6,1,608332,0.407296037106,1.0,0.1,0.1,"adaptive_inverse_dynamics_tracking(kp=0.01,kd=0.005,lambda=0.02,gamma=0,sigma=0.05,tau_limit=100)",Hausdorff Distance,directed_hausdorff_to_convex_hull
robotarm_dim_scaling,adversarial_nadv1,3,6,3,608334,0.376609646679,1.0,0.1,0.1,"adaptive_inverse_dynamics_tracking(kp=0.01,kd=0.005,lambda=0.02,gamma=0,sigma=0.05,tau_limit=100)",Hausdorff Distance,directed_hausdorff_to_convex_hull
robotarm_dim_scaling,adversarial_nadv1,3,6,10,608341,0.257240227215,1.0,0.1,0.1,"adaptive_inverse_dynamics_tracking(kp=0.01,kd=0.005,lambda=0.02,gamma=0,sigma=0.05,tau_limit=100)",Hausdorff Distance,directed_hausdorff_to_convex_hull
robotarm_dim_scaling,adversarial_nadv1,3,6,30,608361,0.160003457159,1.0,0.1,0.1,"adaptive_inverse_dynamics_tracking(kp=0.01,kd=0.005,lambda=0.02,gamma=0,sigma=0.05,tau_limit=100)",Hausdorff Distance,directed_hausdorff_to_convex_hull
robotarm_dim_scaling,adversarial_nadv1,3,6,100,608431,0.116844264156,1.0,0.1,0.1,"adaptive_inverse_dynamics_tracking(kp=0.01,kd=0.005,lambda=0.02,gamma=0,sigma=0.05,tau_limit=100)",Hausdorff Distance,directed_hausdorff_to_convex_hull
robotarm_dim_scaling,adversarial_nadv1,3,6,300,608631,0.0780201749313,1.0,0.1,0.1,"adaptive_inverse_dynamics_tracking(kp=0.01,kd=0.005,lambda=0.02,gamma=0,sigma=0.05,tau_limit=100)",Hausdorff Distance,directed_hausdorff_to_convex_hull
robotarm_dim_scaling,adversarial_nadv1,3,6,1000,609331,0.0430370560465,1.0,0.1,0.1,"adaptive_inverse_dynamics_tracking(kp=0.01,kd=0.005,lambda=0.02,gamma=0,sigma=0.05,tau_limit=100)",Hausdorff Distance,directed_hausdorff_to_convex_hull
robotarm_dim_scaling,adversarial_nadv1,3,6,3000,611331,0.0282919833309,1.0,0.1,0.1,"adaptive_inverse_dynamics_tracking(kp=0.01,kd=0.005,lambda=0.02,gamma=0,sigma=0.05,tau_limit=100)",Hausdorff Distance,directed_hausdorff_to_convex_hull
robotarm_dim_scaling,adversarial_nadv1,3,6,1,608432,0.410582528896,1.0,0.1,0.1,"adaptive_inverse_dynamics_tracking(kp=0.01,kd=0.005,lambda=0.02,gamma=0,sigma=0.05,tau_limit=100)",Hausdorff Distance,directed_hausdorff_to_convex_hull
robotarm_dim_scaling,adversarial_nadv1,3,6,3,608434,0.317573084848,1.0,0.1,0.1,"adaptive_inverse_dynamics_tracking(kp=0.01,kd=0.005,lambda=0.02,gamma=0,sigma=0.05,tau_limit=100)",Hausdorff Distance,directed_hausdorff_to_convex_hull
robotarm_dim_scaling,adversarial_nadv1,3,6,10,608441,0.269459598582,1.0,0.1,0.1,"adaptive_inverse_dynamics_tracking(kp=0.01,kd=0.005,lambda=0.02,gamma=0,sigma=0.05,tau_limit=100)",Hausdorff Distance,directed_hausdorff_to_convex_hull
robotarm_dim_scaling,adversarial_nadv1,3,6,30,608461,0.1606011525,1.0,0.1,0.1,"adaptive_inverse_dynamics_tracking(kp=0.01,kd=0.005,lambda=0.02,gamma=0,sigma=0.05,tau_limit=100)",Hausdorff Distance,directed_hausdorff_to_convex_hull
robotarm_dim_scaling,adversarial_nadv1,3,6,100,608531,0.122648784221,1.0,0.1,0.1,"adaptive_inverse_dynamics_tracking(kp=0.01,kd=0.005,lambda=0.02,gamma=0,sigma=0.05,tau_limit=100)",Hausdorff Distance,directed_hausdorff_to_convex_hull
robotarm_dim_scaling,adversarial_nadv1,3,6,300,608731,0.0643222440254,1.0,0.1,0.1,"adaptive_inverse_dynamics_tracking(kp=0.01,kd=0.005,lambda=0.02,gamma=0,sigma=0.05,tau_limit=100)",Hausdorff Distance,directed_hausdorff_to_convex_hull
robotarm_dim_scaling,adversarial_nadv1,3,6,1000,609431,0.037640863795,1.0,0.1,0.1,"adaptive_inverse_dynamics_tracking(kp=0.01,kd=0.005,lambda=0.02,gamma=0,sigma=0.05,tau_limit=100)",Hausdorff Distance,directed_hausdorff_to_convex_hull
robotarm_dim_scaling,adversarial_nadv1,3,6,3000,611431,0.026950606293,1.0,0.1,0.1,"adaptive_inverse_dynamics_tracking(kp=0.01,kd=0.005,lambda=0.02,gamma=0,sigma=0.05,tau_limit=100)",Hausdorff Distance,directed_hausdorff_to_convex_hull
robotarm_dim_scaling,adversarial_nadv1,4,8,1,617532,0.545416314598,1.0,0.1,0.1,"adaptive_inverse_dynamics_tracking(kp=0.01,kd=0.005,lambda=0.02,gamma=0,sigma=0.05,tau_limit=100)",Hausdorff Distance,directed_hausdorff_to_convex_hull
robotarm_dim_scaling,adversarial_nadv1,4,8,3,617534,0.426769660049,1.0,0.1,0.1,"adaptive_inverse_dynamics_tracking(kp=0.01,kd=0.005,lambda=0.02,gamma=0,sigma=0.05,tau_limit=100)",Hausdorff Distance,directed_hausdorff_to_convex_hull
robotarm_dim_scaling,adversarial_nadv1,4,8,10,617541,0.327079758122,1.0,0.1,0.1,"adaptive_inverse_dynamics_tracking(kp=0.01,kd=0.005,lambda=0.02,gamma=0,sigma=0.05,tau_limit=100)",Hausdorff Distance,directed_hausdorff_to_convex_hull
robotarm_dim_scaling,adversarial_nadv1,4,8,30,617561,0.236579093819,1.0,0.1,0.1,"adaptive_inverse_dynamics_tracking(kp=0.01,kd=0.005,lambda=0.02,gamma=0,sigma=0.05,tau_limit=100)",Hausdorff Distance,directed_hausdorff_to_convex_hull
robotarm_dim_scaling,adversarial_nadv1,4,8,100,617631,0.186954814399,1.0,0.1,0.1,"adaptive_inverse_dynamics_tracking(kp=0.01,kd=0.005,lambda=0.02,gamma=0,sigma=0.05,tau_limit=100)",Hausdorff Distance,directed_hausdorff_to_convex_hull
robotarm_dim_scaling,adversarial_nadv1,4,8,300,617831,0.10611235596,1.0,0.1,0.1,"adaptive_inverse_dynamics_tracking(kp=0.01,kd=0.005,lambda=0.02,gamma=0,sigma=0.05,tau_limit=100)",Hausdorff Distance,directed_hausdorff_to_convex_hull
robotarm_dim_scaling,adversarial_nadv1,4,8,1000,618531,0.0978416822566,1.0,0.1,0.1,"adaptive_inverse_dynamics_tracking(kp=0.01,kd=0.005,lambda=0.02,gamma=0,sigma=0.05,tau_limit=100)",Hausdorff Distance,directed_hausdorff_to_convex_hull
robotarm_dim_scaling,adversarial_nadv1,4,8,3000,620531,0.0485907644262,1.0,0.1,0.1,"adaptive_inverse_dynamics_tracking(kp=0.01,kd=0.005,lambda=0.02,gamma=0,sigma=0.05,tau_limit=100)",Hausdorff Distance,directed_hausdorff_to_convex_hull
robotarm_dim_scaling,adversarial_nadv1,4,8,1,617632,0.511232085589,1.0,0.1,0.1,"adaptive_inverse_dynamics_tracking(kp=0.01,kd=0.005,lambda=0.02,gamma=0,sigma=0.05,tau_limit=100)",Hausdorff Distance,directed_hausdorff_to_convex_hull
robotarm_dim_scaling,adversarial_nadv1,4,8,3,617634,0.37750600302,1.0,0.1,0.1,"adaptive_inverse_dynamics_tracking(kp=0.01,kd=0.005,lambda=0.02,gamma=0,sigma=0.05,tau_limit=100)",Hausdorff Distance,directed_hausdorff_to_convex_hull
robotarm_dim_scaling,adversarial_nadv1,4,8,10,617641,0.277416861656,1.0,0.1,0.1,"adaptive_inverse_dynamics_tracking(kp=0.01,kd=0.005,lambda=0.02,gamma=0,sigma=0.05,tau_limit=100)",Hausdorff Distance,directed_hausdorff_to_convex_hull
robotarm_dim_scaling,adversarial_nadv1,4,8,30,617661,0.214110043749,1.0,0.1,0.1,"adaptive_inverse_dynamics_tracking(kp=0.01,kd=0.005,lambda=0.02,gamma=0,sigma=0.05,tau_limit=100)",Hausdorff Distance,directed_hausdorff_to_convex_hull
robotarm_dim_scaling,adversarial_nadv1,4,8,100,617731,0.165829332676,1.0,0.1,0.1,"adaptive_inverse_dynamics_tracking(kp=0.01,kd=0.005,lambda=0.02,gamma=0,sigma=0.05,tau_limit=100)",Hausdorff Distance,directed_hausdorff_to_convex_hull
robotarm_dim_scaling,adversarial_nadv1,4,8,300,617931,0.116627226472,1.0,0.1,0.1,"adaptive_inverse_dynamics_tracking(kp=0.01,kd=0.005,lambda=0.02,gamma=0,sigma=0.05,tau_limit=100)",Hausdorff Distance,directed_hausdorff_to_convex_hull
robotarm_dim_scaling,adversarial_nadv1,4,8,1000,618631,0.104485323623,1.0,0.1,0.1,"adaptive_inverse_dynamics_tracking(kp=0.01,kd=0.005,lambda=0.02,gamma=0,sigma=0.05,tau_limit=100)",Hausdorff Distance,directed_hausdorff_to_convex_hull
robotarm_dim_scaling,adversarial_nadv1,4,8,3000,620631,0.0672710283427,1.0,0.1,0.1,"adaptive_inverse_dynamics_tracking(kp=0.01,kd=0.005,lambda=0.02,gamma=0,sigma=0.05,tau_limit=100)",Hausdorff Distance,directed_hausdorff_to_convex_hull
robotarm_dim_scaling,adversarial_nadv1,4,8,1,617732,0.461976414648,1.0,0.1,0.1,"adaptive_inverse_dynamics_tracking(kp=0.01,kd=0.005,lambda=0.02,gamma=0,sigma=0.05,tau_limit=100)",Hausdorff Distance,directed_hausdorff_to_convex_hull
robotarm_dim_scaling,adversarial_nadv1,4,8,3,617734,0.402723498931,1.0,0.1,0.1,"adaptive_inverse_dynamics_tracking(kp=0.01,kd=0.005,lambda=0.02,gamma=0,sigma=0.05,tau_limit=100)",Hausdorff Distance,directed_hausdorff_to_convex_hull
robotarm_dim_scaling,adversarial_nadv1,4,8,10,617741,0.254008966598,1.0,0.1,0.1,"adaptive_inverse_dynamics_tracking(kp=0.01,kd=0.005,lambda=0.02,gamma=0,sigma=0.05,tau_limit=100)",Hausdorff Distance,directed_hausdorff_to_convex_hull
robotarm_dim_scaling,adversarial_nadv1,4,8,30,617761,0.231950855652,1.0,0.1,0.1,"adaptive_inverse_dynamics_tracking(kp=0.01,kd=0.005,lambda=0.02,gamma=0,sigma=0.05,tau_limit=100)",Hausdorff Distance,directed_hausdorff_to_convex_hull
robotarm_dim_scaling,adversarial_nadv1,4,8,100,617831,0.145557772394,1.0,0.1,0.1,"adaptive_inverse_dynamics_tracking(kp=0.01,kd=0.005,lambda=0.02,gamma=0,sigma=0.05,tau_limit=100)",Hausdorff Distance,directed_hausdorff_to_convex_hull
robotarm_dim_scaling,adversarial_nadv1,4,8,300,618031,0.11877431069,1.0,0.1,0.1,"adaptive_inverse_dynamics_tracking(kp=0.01,kd=0.005,lambda=0.02,gamma=0,sigma=0.05,tau_limit=100)",Hausdorff Distance,directed_hausdorff_to_convex_hull
robotarm_dim_scaling,adversarial_nadv1,4,8,1000,618731,0.10971951241,1.0,0.1,0.1,"adaptive_inverse_dynamics_tracking(kp=0.01,kd=0.005,lambda=0.02,gamma=0,sigma=0.05,tau_limit=100)",Hausdorff Distance,directed_hausdorff_to_convex_hull
robotarm_dim_scaling,adversarial_nadv1,4,8,3000,620731,0.0474348782117,1.0,0.1,0.1,"adaptive_inverse_dynamics_tracking(kp=0.01,kd=0.005,lambda=0.02,gamma=0,sigma=0.05,tau_limit=100)",Hausdorff Distance,directed_hausdorff_to_convex_hull
robotarm_dim_scaling,adversarial_nadv1,4,8,1,617832,0.506171920372,1.0,0.1,0.1,"adaptive_inverse_dynamics_tracking(kp=0.01,kd=0.005,lambda=0.02,gamma=0,sigma=0.05,tau_limit=100)",Hausdorff Distance,directed_hausdorff_to_convex_hull
robotarm_dim_scaling,adversarial_nadv1,4,8,3,617834,0.373175996891,1.0,0.1,0.1,"adaptive_inverse_dynamics_tracking(kp=0.01,kd=0.005,lambda=0.02,gamma=0,sigma=0.05,tau_limit=100)",Hausdorff Distance,directed_hausdorff_to_convex_hull
robotarm_dim_scaling,adversarial_nadv1,4,8,10,617841,0.34319086968,1.0,0.1,0.1,"adaptive_inverse_dynamics_tracking(kp=0.01,kd=0.005,lambda=0.02,gamma=0,sigma=0.05,tau_limit=100)",Hausdorff Distance,directed_hausdorff_to_convex_hull
robotarm_dim_scaling,adversarial_nadv1,4,8,30,617861,0.274730819878,1.0,0.1,0.1,"adaptive_inverse_dynamics_tracking(kp=0.01,kd=0.005,lambda=0.02,gamma=0,sigma=0.05,tau_limit=100)",Hausdorff Distance,directed_hausdorff_to_convex_hull
robotarm_dim_scaling,adversarial_nadv1,4,8,100,617931,0.165817215676,1.0,0.1,0.1,"adaptive_inverse_dynamics_tracking(kp=0.01,kd=0.005,lambda=0.02,gamma=0,sigma=0.05,tau_limit=100)",Hausdorff Distance,directed_hausdorff_to_convex_hull
robotarm_dim_scaling,adversarial_nadv1,4,8,300,618131,0.134791825324,1.0,0.1,0.1,"adaptive_inverse_dynamics_tracking(kp=0.01,kd=0.005,lambda=0.02,gamma=0,sigma=0.05,tau_limit=100)",Hausdorff Distance,directed_hausdorff_to_convex_hull
robotarm_dim_scaling,adversarial_nadv1,4,8,1000,618831,0.0811714515095,1.0,0.1,0.1,"adaptive_inverse_dynamics_tracking(kp=0.01,kd=0.005,lambda=0.02,gamma=0,sigma=0.05,tau_limit=100)",Hausdorff Distance,directed_hausdorff_to_convex_hull
robotarm_dim_scaling,adversarial_nadv1,4,8,3000,620831,0.0609955313035,1.0,0.1,0.1,"adaptive_inverse_dynamics_tracking(kp=0.01,kd=0.005,lambda=0.02,gamma=0,sigma=0.05,tau_limit=100)",Hausdorff Distance,directed_hausdorff_to_convex_hull
robotarm_dim_scaling,adversarial_nadv1,4,8,1,617932,0.397285718242,1.0,0.1,0.1,"adaptive_inverse_dynamics_tracking(kp=0.01,kd=0.005,lambda=0.02,gamma=0,sigma=0.05,tau_limit=100)",Hausdorff Distance,directed_hausdorff_to_convex_hull
robotarm_dim_scaling,adversarial_nadv1,4,8,3,617934,0.389966246146,1.0,0.1,0.1,"adaptive_inverse_dynamics_tracking(kp=0.01,kd=0.005,lambda=0.02,gamma=0,sigma=0.05,tau_limit=100)",Hausdorff Distance,directed_hausdorff_to_convex_hull
robotarm_dim_scaling,adversarial_nadv1,4,8,10,617941,0.25824665004,1.0,0.1,0.1,"adaptive_inverse_dynamics_tracking(kp=0.01,kd=0.005,lambda=0.02,gamma=0,sigma=0.05,tau_limit=100)",Hausdorff Distance,directed_hausdorff_to_convex_hull
robotarm_dim_scaling,adversarial_nadv1,4,8,30,617961,0.246366858467,1.0,0.1,0.1,"adaptive_inverse_dynamics_tracking(kp=0.01,kd=0.005,lambda=0.02,gamma=0,sigma=0.05,tau_limit=100)",Hausdorff Distance,directed_hausdorff_to_convex_hull
robotarm_dim_scaling,adversarial_nadv1,4,8,100,618031,0.160000389011,1.0,0.1,0.1,"adaptive_inverse_dynamics_tracking(kp=0.01,kd=0.005,lambda=0.02,gamma=0,sigma=0.05,tau_limit=100)",Hausdorff Distance,directed_hausdorff_to_convex_hull
robotarm_dim_scaling,adversarial_nadv1,4,8,300,618231,0.144580414339,1.0,0.1,0.1,"adaptive_inverse_dynamics_tracking(kp=0.01,kd=0.005,lambda=0.02,gamma=0,sigma=0.05,tau_limit=100)",Hausdorff Distance,directed_hausdorff_to_convex_hull
robotarm_dim_scaling,adversarial_nadv1,4,8,1000,618931,0.081790713651,1.0,0.1,0.1,"adaptive_inverse_dynamics_tracking(kp=0.01,kd=0.005,lambda=0.02,gamma=0,sigma=0.05,tau_limit=100)",Hausdorff Distance,directed_hausdorff_to_convex_hull
robotarm_dim_scaling,adversarial_nadv1,4,8,3000,620931,0.0565356773317,1.0,0.1,0.1,"adaptive_inverse_dynamics_tracking(kp=0.01,kd=0.005,lambda=0.02,gamma=0,sigma=0.05,tau_limit=100)",Hausdorff Distance,directed_hausdorff_to_convex_hull
robotarm_dim_scaling,adversarial_nadv1,4,8,1,618032,0.410261504614,1.0,0.1,0.1,"adaptive_inverse_dynamics_tracking(kp=0.01,kd=0.005,lambda=0.02,gamma=0,sigma=0.05,tau_limit=100)",Hausdorff Distance,directed_hausdorff_to_convex_hull
robotarm_dim_scaling,adversarial_nadv1,4,8,3,618034,0.44504963425,1.0,0.1,0.1,"adaptive_inverse_dynamics_tracking(kp=0.01,kd=0.005,lambda=0.02,gamma=0,sigma=0.05,tau_limit=100)",Hausdorff Distance,directed_hausdorff_to_convex_hull
robotarm_dim_scaling,adversarial_nadv1,4,8,10,618041,0.32148065146,1.0,0.1,0.1,"adaptive_inverse_dynamics_tracking(kp=0.01,kd=0.005,lambda=0.02,gamma=0,sigma=0.05,tau_limit=100)",Hausdorff Distance,directed_hausdorff_to_convex_hull
robotarm_dim_scaling,adversarial_nadv1,4,8,30,618061,0.242617090241,1.0,0.1,0.1,"adaptive_inverse_dynamics_tracking(kp=0.01,kd=0.005,lambda=0.02,gamma=0,sigma=0.05,tau_limit=100)",Hausdorff Distance,directed_hausdorff_to_convex_hull
robotarm_dim_scaling,adversarial_nadv1,4,8,100,618131,0.190325633962,1.0,0.1,0.1,"adaptive_inverse_dynamics_tracking(kp=0.01,kd=0.005,lambda=0.02,gamma=0,sigma=0.05,tau_limit=100)",Hausdorff Distance,directed_hausdorff_to_convex_hull
robotarm_dim_scaling,adversarial_nadv1,4,8,300,618331,0.112391338184,1.0,0.1,0.1,"adaptive_inverse_dynamics_tracking(kp=0.01,kd=0.005,lambda=0.02,gamma=0,sigma=0.05,tau_limit=100)",Hausdorff Distance,directed_hausdorff_to_convex_hull
robotarm_dim_scaling,adversarial_nadv1,4,8,1000,619031,0.101277268952,1.0,0.1,0.1,"adaptive_inverse_dynamics_tracking(kp=0.01,kd=0.005,lambda=0.02,gamma=0,sigma=0.05,tau_limit=100)",Hausdorff Distance,directed_hausdorff_to_convex_hull
robotarm_dim_scaling,adversarial_nadv1,4,8,3000,621031,0.0609971001109,1.0,0.1,0.1,"adaptive_inverse_dynamics_tracking(kp=0.01,kd=0.005,lambda=0.02,gamma=0,sigma=0.05,tau_limit=100)",Hausdorff Distance,directed_hausdorff_to_convex_hull
robotarm_dim_scaling,adversarial_nadv1,4,8,1,618132,0.482412029404,1.0,0.1,0.1,"adaptive_inverse_dynamics_tracking(kp=0.01,kd=0.005,lambda=0.02,gamma=0,sigma=0.05,tau_limit=100)",Hausdorff Distance,directed_hausdorff_to_convex_hull
robotarm_dim_scaling,adversarial_nadv1,4,8,3,618134,0.398004958761,1.0,0.1,0.1,"adaptive_inverse_dynamics_tracking(kp=0.01,kd=0.005,lambda=0.02,gamma=0,sigma=0.05,tau_limit=100)",Hausdorff Distance,directed_hausdorff_to_convex_hull
robotarm_dim_scaling,adversarial_nadv1,4,8,10,618141,0.234238818166,1.0,0.1,0.1,"adaptive_inverse_dynamics_tracking(kp=0.01,kd=0.005,lambda=0.02,gamma=0,sigma=0.05,tau_limit=100)",Hausdorff Distance,directed_hausdorff_to_convex_hull
robotarm_dim_scaling,adversarial_nadv1,4,8,30,618161,0.222038277784,1.0,0.1,0.1,"adaptive_inverse_dynamics_tracking(kp=0.01,kd=0.005,lambda=0.02,gamma=0,sigma=0.05,tau_limit=100)",Hausdorff Distance,directed_hausdorff_to_convex_hull
robotarm_dim_scaling,adversarial_nadv1,4,8,100,618231,0.175366319534,1.0,0.1,0.1,"adaptive_inverse_dynamics_tracking(kp=0.01,kd=0.005,lambda=0.02,gamma=0,sigma=0.05,tau_limit=100)",Hausdorff Distance,directed_hausdorff_to_convex_hull
robotarm_dim_scaling,adversarial_nadv1,4,8,300,618431,0.103704580729,1.0,0.1,0.1,"adaptive_inverse_dynamics_tracking(kp=0.01,kd=0.005,lambda=0.02,gamma=0,sigma=0.05,tau_limit=100)",Hausdorff Distance,directed_hausdorff_to_convex_hull
robotarm_dim_scaling,adversarial_nadv1,4,8,1000,619131,0.10235051551,1.0,0.1,0.1,"adaptive_inverse_dynamics_tracking(kp=0.01,kd=0.005,lambda=0.02,gamma=0,sigma=0.05,tau_limit=100)",Hausdorff Distance,directed_hausdorff_to_convex_hull
robotarm_dim_scaling,adversarial_nadv1,4,8,3000,621131,0.0540383770849,1.0,0.1,0.1,"adaptive_inverse_dynamics_tracking(kp=0.01,kd=0.005,lambda=0.02,gamma=0,sigma=0.05,tau_limit=100)",Hausdorff Distance,directed_hausdorff_to_convex_hull
robotarm_dim_scaling,adversarial_nadv1,4,8,1,618232,0.418450314814,1.0,0.1,0.1,"adaptive_inverse_dynamics_tracking(kp=0.01,kd=0.005,lambda=0.02,gamma=0,sigma=0.05,tau_limit=100)",Hausdorff Distance,directed_hausdorff_to_convex_hull
robotarm_dim_scaling,adversarial_nadv1,4,8,3,618234,0.368863945478,1.0,0.1,0.1,"adaptive_inverse_dynamics_tracking(kp=0.01,kd=0.005,lambda=0.02,gamma=0,sigma=0.05,tau_limit=100)",Hausdorff Distance,directed_hausdorff_to_convex_hull
robotarm_dim_scaling,adversarial_nadv1,4,8,10,618241,0.314315986508,1.0,0.1,0.1,"adaptive_inverse_dynamics_tracking(kp=0.01,kd=0.005,lambda=0.02,gamma=0,sigma=0.05,tau_limit=100)",Hausdorff Distance,directed_hausdorff_to_convex_hull
robotarm_dim_scaling,adversarial_nadv1,4,8,30,618261,0.213690831149,1.0,0.1,0.1,"adaptive_inverse_dynamics_tracking(kp=0.01,kd=0.005,lambda=0.02,gamma=0,sigma=0.05,tau_limit=100)",Hausdorff Distance,directed_hausdorff_to_convex_hull
robotarm_dim_scaling,adversarial_nadv1,4,8,100,618331,0.152585026237,1.0,0.1,0.1,"adaptive_inverse_dynamics_tracking(kp=0.01,kd=0.005,lambda=0.02,gamma=0,sigma=0.05,tau_limit=100)",Hausdorff Distance,directed_hausdorff_to_convex_hull
robotarm_dim_scaling,adversarial_nadv1,4,8,300,618531,0.115380988342,1.0,0.1,0.1,"adaptive_inverse_dynamics_tracking(kp=0.01,kd=0.005,lambda=0.02,gamma=0,sigma=0.05,tau_limit=100)",Hausdorff Distance,directed_hausdorff_to_convex_hull
robotarm_dim_scaling,adversarial_nadv1,4,8,1000,619231,0.078855240217,1.0,0.1,0.1,"adaptive_inverse_dynamics_tracking(kp=0.01,kd=0.005,lambda=0.02,gamma=0,sigma=0.05,tau_limit=100)",Hausdorff Distance,directed_hausdorff_to_convex_hull
robotarm_dim_scaling,adversarial_nadv1,4,8,3000,621231,0.0497136825483,1.0,0.1,0.1,"adaptive_inverse_dynamics_tracking(kp=0.01,kd=0.005,lambda=0.02,gamma=0,sigma=0.05,tau_limit=100)",Hausdorff Distance,directed_hausdorff_to_convex_hull
robotarm_dim_scaling,adversarial_nadv1,4,8,1,618332,0.597308008437,1.0,0.1,0.1,"adaptive_inverse_dynamics_tracking(kp=0.01,kd=0.005,lambda=0.02,gamma=0,sigma=0.05,tau_limit=100)",Hausdorff Distance,directed_hausdorff_to_convex_hull
robotarm_dim_scaling,adversarial_nadv1,4,8,3,618334,0.391201481636,1.0,0.1,0.1,"adaptive_inverse_dynamics_tracking(kp=0.01,kd=0.005,lambda=0.02,gamma=0,sigma=0.05,tau_limit=100)",Hausdorff Distance,directed_hausdorff_to_convex_hull
robotarm_dim_scaling,adversarial_nadv1,4,8,10,618341,0.258645895656,1.0,0.1,0.1,"adaptive_inverse_dynamics_tracking(kp=0.01,kd=0.005,lambda=0.02,gamma=0,sigma=0.05,tau_limit=100)",Hausdorff Distance,directed_hausdorff_to_convex_hull
robotarm_dim_scaling,adversarial_nadv1,4,8,30,618361,0.190553396749,1.0,0.1,0.1,"adaptive_inverse_dynamics_tracking(kp=0.01,kd=0.005,lambda=0.02,gamma=0,sigma=0.05,tau_limit=100)",Hausdorff Distance,directed_hausdorff_to_convex_hull
robotarm_dim_scaling,adversarial_nadv1,4,8,100,618431,0.136866681049,1.0,0.1,0.1,"adaptive_inverse_dynamics_tracking(kp=0.01,kd=0.005,lambda=0.02,gamma=0,sigma=0.05,tau_limit=100)",Hausdorff Distance,directed_hausdorff_to_convex_hull
robotarm_dim_scaling,adversarial_nadv1,4,8,300,618631,0.107392858856,1.0,0.1,0.1,"adaptive_inverse_dynamics_tracking(kp=0.01,kd=0.005,lambda=0.02,gamma=0,sigma=0.05,tau_limit=100)",Hausdorff Distance,directed_hausdorff_to_convex_hull
robotarm_dim_scaling,adversarial_nadv1,4,8,1000,619331,0.0804885942392,1.0,0.1,0.1,"adaptive_inverse_dynamics_tracking(kp=0.01,kd=0.005,lambda=0.02,gamma=0,sigma=0.05,tau_limit=100)",Hausdorff Distance,directed_hausdorff_to_convex_hull
robotarm_dim_scaling,adversarial_nadv1,4,8,3000,621331,0.0421151578475,1.0,0.1,0.1,"adaptive_inverse_dynamics_tracking(kp=0.01,kd=0.005,lambda=0.02,gamma=0,sigma=0.05,tau_limit=100)",Hausdorff Distance,directed_hausdorff_to_convex_hull
robotarm_dim_scaling,adversarial_nadv1,4,8,1,618432,0.423382200719,1.0,0.1,0.1,"adaptive_inverse_dynamics_tracking(kp=0.01,kd=0.005,lambda=0.02,gamma=0,sigma=0.05,tau_limit=100)",Hausdorff Distance,directed_hausdorff_to_convex_hull
robotarm_dim_scaling,adversarial_nadv1,4,8,3,618434,0.326491135898,1.0,0.1,0.1,"adaptive_inverse_dynamics_tracking(kp=0.01,kd=0.005,lambda=0.02,gamma=0,sigma=0.05,tau_limit=100)",Hausdorff Distance,directed_hausdorff_to_convex_hull
robotarm_dim_scaling,adversarial_nadv1,4,8,10,618441,0.251350306449,1.0,0.1,0.1,"adaptive_inverse_dynamics_tracking(kp=0.01,kd=0.005,lambda=0.02,gamma=0,sigma=0.05,tau_limit=100)",Hausdorff Distance,directed_hausdorff_to_convex_hull
robotarm_dim_scaling,adversarial_nadv1,4,8,30,618461,0.204791847408,1.0,0.1,0.1,"adaptive_inverse_dynamics_tracking(kp=0.01,kd=0.005,lambda=0.02,gamma=0,sigma=0.05,tau_limit=100)",Hausdorff Distance,directed_hausdorff_to_convex_hull
robotarm_dim_scaling,adversarial_nadv1,4,8,100,618531,0.155974619992,1.0,0.1,0.1,"adaptive_inverse_dynamics_tracking(kp=0.01,kd=0.005,lambda=0.02,gamma=0,sigma=0.05,tau_limit=100)",Hausdorff Distance,directed_hausdorff_to_convex_hull
robotarm_dim_scaling,adversarial_nadv1,4,8,300,618731,0.107533412839,1.0,0.1,0.1,"adaptive_inverse_dynamics_tracking(kp=0.01,kd=0.005,lambda=0.02,gamma=0,sigma=0.05,tau_limit=100)",Hausdorff Distance,directed_hausdorff_to_convex_hull
robotarm_dim_scaling,adversarial_nadv1,4,8,1000,619431,0.0699877168698,1.0,0.1,0.1,"adaptive_inverse_dynamics_tracking(kp=0.01,kd=0.005,lambda=0.02,gamma=0,sigma=0.05,tau_limit=100)",Hausdorff Distance,directed_hausdorff_to_convex_hull
robotarm_dim_scaling,adversarial_nadv1,4,8,3000,621431,0.0549776336885,1.0,0.1,0.1,"adaptive_inverse_dynamics_tracking(kp=0.01,kd=0.005,lambda=0.02,gamma=0,sigma=0.05,tau_limit=100)",Hausdorff Distance,directed_hausdorff_to_convex_hull
